{
    "returnCode":"0",
    "returnValue":{
        "A":[
            {
                "id":3643,
                "parentId":0,
                "regionName":"阿坝",
                "cityCode":513200,
                "pinYin":"ABA"
            },
            {
                "id":3090,
                "parentId":0,
                "regionName":"阿克苏",
                "cityCode":652901,
                "pinYin":"AKESU"
            },
            {
                "id":3632,
                "parentId":0,
                "regionName":"阿拉善",
                "cityCode":152900,
                "pinYin":"ALASHAN"
            },
            {
                "id":899,
                "parentId":0,
                "regionName":"安康",
                "cityCode":610900,
                "pinYin":"ANKANG"
            },
            {
                "id":196,
                "parentId":0,
                "regionName":"安庆",
                "cityCode":340800,
                "pinYin":"ANQING"
            },
            {
                "id":758,
                "parentId":0,
                "regionName":"鞍山",
                "cityCode":210300,
                "pinYin":"ANSHAN"
            },
            {
                "id":388,
                "parentId":0,
                "regionName":"安顺",
                "cityCode":520400,
                "pinYin":"ANSHUN"
            },
            {
                "id":454,
                "parentId":0,
                "regionName":"安阳",
                "cityCode":410500,
                "pinYin":"ANYANG"
            }
        ],
        "B":[
            {
                "id":3633,
                "parentId":0,
                "regionName":"白城",
                "cityCode":220800,
                "pinYin":"BAICHENG"
            },
            {
                "id":356,
                "parentId":0,
                "regionName":"百色",
                "cityCode":451000,
                "pinYin":"BAISE"
            },
            {
                "id":634,
                "parentId":0,
                "regionName":"白山",
                "cityCode":220600,
                "pinYin":"BAISHAN"
            },
            {
                "id":275,
                "parentId":0,
                "regionName":"白银",
                "cityCode":620400,
                "pinYin":"BAIYIN"
            },
            {
                "id":426,
                "parentId":0,
                "regionName":"保定",
                "cityCode":130600,
                "pinYin":"BAODING"
            },
            {
                "id":188,
                "parentId":0,
                "regionName":"宝鸡",
                "cityCode":610300,
                "pinYin":"BAOJI"
            },
            {
                "id":994,
                "parentId":0,
                "regionName":"保山",
                "cityCode":530500,
                "pinYin":"BAOSHAN"
            },
            {
                "id":1181,
                "parentId":0,
                "regionName":"包头",
                "cityCode":150200,
                "pinYin":"BAOTOU"
            },
            {
                "id":789,
                "parentId":0,
                "regionName":"巴彦淖尔",
                "cityCode":150800,
                "pinYin":"BAYANNAOER"
            },
            {
                "id":925,
                "parentId":0,
                "regionName":"巴中",
                "cityCode":511900,
                "pinYin":"BAZHONG"
            },
            {
                "id":358,
                "parentId":0,
                "regionName":"北海",
                "cityCode":450500,
                "pinYin":"BEIHAI"
            },
            {
                "id":3,
                "parentId":0,
                "regionName":"北京",
                "cityCode":110100,
                "pinYin":"BEIJING"
            },
            {
                "id":200,
                "parentId":0,
                "regionName":"蚌埠",
                "cityCode":340300,
                "pinYin":"BENGBU"
            },
            {
                "id":760,
                "parentId":0,
                "regionName":"本溪",
                "cityCode":210500,
                "pinYin":"BENXI"
            },
            {
                "id":390,
                "parentId":0,
                "regionName":"毕节",
                "cityCode":522401,
                "pinYin":"BIJIE"
            },
            {
                "id":824,
                "parentId":0,
                "regionName":"滨州",
                "cityCode":371600,
                "pinYin":"BINZHOU"
            },
            {
                "id":1126,
                "parentId":0,
                "regionName":"亳州",
                "cityCode":341600,
                "pinYin":"BOZHOU"
            },
            {
                "id":5860,
                "parentId":0,
                "regionName":"巴音郭楞",
                "cityCode":652800,
                "pinYin":"BYGL"
            }
        ],
        "C":[
            {
                "id":430,
                "parentId":0,
                "regionName":"沧州",
                "cityCode":130900,
                "pinYin":"CANGZHOU"
            },
            {
                "id":623,
                "parentId":0,
                "regionName":"长春",
                "cityCode":220100,
                "pinYin":"CHANGCHUN"
            },
            {
                "id":573,
                "parentId":0,
                "regionName":"常德",
                "cityCode":430700,
                "pinYin":"CHANGDE"
            },
            {
                "id":983,
                "parentId":0,
                "regionName":"昌吉",
                "cityCode":652301,
                "pinYin":"CHANGJI"
            },
            {
                "id":5781,
                "parentId":0,
                "regionName":"昌江",
                "cityCode":360202,
                "pinYin":"CHANGJIANG"
            },
            {
                "id":576,
                "parentId":0,
                "regionName":"长沙",
                "cityCode":430100,
                "pinYin":"CHANGSHA"
            },
            {
                "id":883,
                "parentId":0,
                "regionName":"长治",
                "cityCode":140400,
                "pinYin":"CHANGZHI"
            },
            {
                "id":651,
                "parentId":0,
                "regionName":"常州",
                "cityCode":320400,
                "pinYin":"CHANGZHOU"
            },
            {
                "id":3244,
                "parentId":0,
                "regionName":"朝阳",
                "cityCode":211300,
                "pinYin":"CHAOYANG"
            },
            {
                "id":1138,
                "parentId":0,
                "regionName":"潮州",
                "cityCode":445100,
                "pinYin":"CHAOZHOU"
            },
            {
                "id":433,
                "parentId":0,
                "regionName":"承德",
                "cityCode":130800,
                "pinYin":"CHENGDE"
            },
            {
                "id":70,
                "parentId":0,
                "regionName":"成都",
                "cityCode":510100,
                "pinYin":"CHENGDU"
            },
            {
                "id":5859,
                "parentId":0,
                "regionName":"澄迈县",
                "cityCode":469023,
                "pinYin":"CHENGMAI"
            },
            {
                "id":585,
                "parentId":0,
                "regionName":"郴州",
                "cityCode":431000,
                "pinYin":"CHENZHOU"
            },
            {
                "id":791,
                "parentId":0,
                "regionName":"赤峰",
                "cityCode":150400,
                "pinYin":"CHIFENG"
            },
            {
                "id":205,
                "parentId":0,
                "regionName":"池州",
                "cityCode":341700,
                "pinYin":"CHIZHOU"
            },
            {
                "id":40,
                "parentId":0,
                "regionName":"重庆",
                "cityCode":500100,
                "pinYin":"CHONGQING"
            },
            {
                "id":3640,
                "parentId":0,
                "regionName":"崇左",
                "cityCode":451400,
                "pinYin":"CHONGZUO"
            },
            {
                "id":996,
                "parentId":0,
                "regionName":"楚雄",
                "cityCode":532301,
                "pinYin":"CHUXIONG"
            },
            {
                "id":207,
                "parentId":0,
                "regionName":"滁州",
                "cityCode":341100,
                "pinYin":"CHUZHOU"
            }
        ],
        "D":[
            {
                "id":998,
                "parentId":0,
                "regionName":"大理",
                "cityCode":532901,
                "pinYin":"DALI"
            },
            {
                "id":763,
                "parentId":0,
                "regionName":"大连",
                "cityCode":210200,
                "pinYin":"DALIAN"
            },
            {
                "id":3071,
                "parentId":0,
                "regionName":"儋州",
                "cityCode":469003,
                "pinYin":"DAN"
            },
            {
                "id":753,
                "parentId":0,
                "regionName":"丹东",
                "cityCode":210600,
                "pinYin":"DANDONG"
            },
            {
                "id":514,
                "parentId":0,
                "regionName":"大庆",
                "cityCode":230600,
                "pinYin":"DAQING"
            },
            {
                "id":885,
                "parentId":0,
                "regionName":"大同",
                "cityCode":140200,
                "pinYin":"DATONG"
            },
            {
                "id":3638,
                "parentId":0,
                "regionName":"大兴安岭",
                "cityCode":232700,
                "pinYin":"DAXINGANLING"
            },
            {
                "id":935,
                "parentId":0,
                "regionName":"达州",
                "cityCode":511700,
                "pinYin":"DAZHOU"
            },
            {
                "id":3650,
                "parentId":0,
                "regionName":"德宏",
                "cityCode":533100,
                "pinYin":"DEHONG"
            },
            {
                "id":937,
                "parentId":0,
                "regionName":"德阳",
                "cityCode":510600,
                "pinYin":"DEYANG"
            },
            {
                "id":827,
                "parentId":0,
                "regionName":"德州",
                "cityCode":371400,
                "pinYin":"DEZHOU"
            },
            {
                "id":1135,
                "parentId":0,
                "regionName":"定西",
                "cityCode":621100,
                "pinYin":"DINGXI"
            },
            {
                "id":5742,
                "parentId":0,
                "regionName":"东方",
                "cityCode":469007,
                "pinYin":"DONGFANG"
            },
            {
                "id":109,
                "parentId":0,
                "regionName":"东莞",
                "cityCode":441900,
                "pinYin":"DONGGUAN"
            },
            {
                "id":829,
                "parentId":0,
                "regionName":"东营",
                "cityCode":370500,
                "pinYin":"DONGYING"
            }
        ],
        "E":[
            {
                "id":793,
                "parentId":0,
                "regionName":"鄂尔多斯",
                "cityCode":150600,
                "pinYin":"EERDUOSI"
            },
            {
                "id":541,
                "parentId":0,
                "regionName":"恩施",
                "cityCode":422800,
                "pinYin":"ENSHI"
            },
            {
                "id":543,
                "parentId":0,
                "regionName":"鄂州",
                "cityCode":420700,
                "pinYin":"EZHOU"
            }
        ],
        "F":[
            {
                "id":360,
                "parentId":0,
                "regionName":"防城港",
                "cityCode":450600,
                "pinYin":"FANGCHENGGANG"
            },
            {
                "id":61,
                "parentId":0,
                "regionName":"佛山",
                "cityCode":440600,
                "pinYin":"FOSHAN"
            },
            {
                "id":770,
                "parentId":0,
                "regionName":"抚顺",
                "cityCode":210400,
                "pinYin":"FUSHUN"
            },
            {
                "id":1176,
                "parentId":0,
                "regionName":"阜新",
                "cityCode":210900,
                "pinYin":"FUXIN"
            },
            {
                "id":1125,
                "parentId":0,
                "regionName":"阜阳",
                "cityCode":341200,
                "pinYin":"FUYANG"
            },
            {
                "id":745,
                "parentId":0,
                "regionName":"抚州",
                "cityCode":361000,
                "pinYin":"FUZHOU"
            },
            {
                "id":98,
                "parentId":0,
                "regionName":"福州",
                "cityCode":350100,
                "pinYin":"FUZHOU"
            }
        ],
        "G":[
            {
                "id":3658,
                "parentId":0,
                "regionName":"甘南",
                "cityCode":623000,
                "pinYin":"GANNAN"
            },
            {
                "id":718,
                "parentId":0,
                "regionName":"赣州",
                "cityCode":360700,
                "pinYin":"GANZHOU"
            },
            {
                "id":3644,
                "parentId":0,
                "regionName":"甘孜",
                "cityCode":513300,
                "pinYin":"GANZI"
            },
            {
                "id":2166,
                "parentId":43,
                "regionName":"巩义市",
                "cityCode":410181,
                "pinYin":"GONGYI",
                "selected":1
            },
            {
                "id":3642,
                "parentId":0,
                "regionName":"广安",
                "cityCode":511600,
                "pinYin":"GUANGAN"
            },
            {
                "id":3453,
                "parentId":0,
                "regionName":"广元",
                "cityCode":510800,
                "pinYin":"GUANGYUAN"
            },
            {
                "id":8,
                "parentId":0,
                "regionName":"广州",
                "cityCode":440100,
                "pinYin":"GUANGZHOU"
            },
            {
                "id":362,
                "parentId":0,
                "regionName":"贵港",
                "cityCode":450800,
                "pinYin":"GUIGANG"
            },
            {
                "id":364,
                "parentId":0,
                "regionName":"桂林",
                "cityCode":450300,
                "pinYin":"GUILIN"
            },
            {
                "id":394,
                "parentId":0,
                "regionName":"贵阳",
                "cityCode":520100,
                "pinYin":"GUIYANG"
            },
            {
                "id":1183,
                "parentId":0,
                "regionName":"固原",
                "cityCode":640400,
                "pinYin":"GUYUAN"
            }
        ],
        "H":[
            {
                "id":508,
                "parentId":0,
                "regionName":"哈尔滨",
                "cityCode":230100,
                "pinYin":"HAERBIN"
            },
            {
                "id":3659,
                "parentId":0,
                "regionName":"海东",
                "cityCode":630200,
                "pinYin":"HAIDONG"
            },
            {
                "id":414,
                "parentId":0,
                "regionName":"海口",
                "cityCode":460100,
                "pinYin":"HAIKOU"
            },
            {
                "id":5788,
                "parentId":0,
                "regionName":"海南州",
                "cityCode":632500,
                "pinYin":"HAINANZHOU"
            },
            {
                "id":3665,
                "parentId":0,
                "regionName":"海西",
                "cityCode":632800,
                "pinYin":"HAIXI"
            },
            {
                "id":3669,
                "parentId":0,
                "regionName":"哈密",
                "cityCode":652200,
                "pinYin":"HAMI"
            },
            {
                "id":435,
                "parentId":0,
                "regionName":"邯郸",
                "cityCode":130400,
                "pinYin":"HANDAN"
            },
            {
                "id":16,
                "parentId":0,
                "regionName":"杭州",
                "cityCode":330100,
                "pinYin":"HANGZHOU",
                "selected":0
            },
            {
                "id":902,
                "parentId":0,
                "regionName":"汉中",
                "cityCode":610700,
                "pinYin":"HANZHONG"
            },
            {
                "id":460,
                "parentId":0,
                "regionName":"鹤壁",
                "cityCode":410600,
                "pinYin":"HEBI"
            },
            {
                "id":1144,
                "parentId":0,
                "regionName":"河池",
                "cityCode":451200,
                "pinYin":"HECHI"
            },
            {
                "id":210,
                "parentId":0,
                "regionName":"合肥",
                "cityCode":340100,
                "pinYin":"HEFEI"
            },
            {
                "id":1154,
                "parentId":0,
                "regionName":"鹤岗",
                "cityCode":230400,
                "pinYin":"HEGANG"
            },
            {
                "id":3637,
                "parentId":0,
                "regionName":"黑河",
                "cityCode":231100,
                "pinYin":"HEIHE"
            },
            {
                "id":1148,
                "parentId":0,
                "regionName":"衡水",
                "cityCode":131100,
                "pinYin":"HENGSHUI"
            },
            {
                "id":587,
                "parentId":0,
                "regionName":"衡阳",
                "cityCode":430400,
                "pinYin":"HENGYANG"
            },
            {
                "id":319,
                "parentId":0,
                "regionName":"河源",
                "cityCode":441600,
                "pinYin":"HEYUAN"
            },
            {
                "id":832,
                "parentId":0,
                "regionName":"菏泽",
                "cityCode":371700,
                "pinYin":"HEZE"
            },
            {
                "id":370,
                "parentId":0,
                "regionName":"贺州",
                "cityCode":451100,
                "pinYin":"HEZHOU"
            },
            {
                "id":1002,
                "parentId":0,
                "regionName":"红河",
                "cityCode":532500,
                "pinYin":"HONGHE"
            },
            {
                "id":666,
                "parentId":0,
                "regionName":"淮安",
                "cityCode":320800,
                "pinYin":"HUAIAN"
            },
            {
                "id":1127,
                "parentId":0,
                "regionName":"淮北",
                "cityCode":340600,
                "pinYin":"HUAIBEI"
            },
            {
                "id":590,
                "parentId":0,
                "regionName":"怀化",
                "cityCode":431200,
                "pinYin":"HUAIHUA"
            },
            {
                "id":215,
                "parentId":0,
                "regionName":"淮南",
                "cityCode":340400,
                "pinYin":"HUAINAN"
            },
            {
                "id":547,
                "parentId":0,
                "regionName":"黄冈",
                "cityCode":421100,
                "pinYin":"HUANGGANG"
            },
            {
                "id":217,
                "parentId":0,
                "regionName":"黄山",
                "cityCode":341000,
                "pinYin":"HUANGSHAN"
            },
            {
                "id":550,
                "parentId":0,
                "regionName":"黄石",
                "cityCode":420200,
                "pinYin":"HUANGSHI"
            },
            {
                "id":796,
                "parentId":0,
                "regionName":"呼和浩特",
                "cityCode":150100,
                "pinYin":"HUHEHAOTE"
            },
            {
                "id":163,
                "parentId":0,
                "regionName":"惠州",
                "cityCode":441300,
                "pinYin":"HUIZHOU"
            },
            {
                "id":776,
                "parentId":0,
                "regionName":"葫芦岛",
                "cityCode":211400,
                "pinYin":"HULUDAO"
            },
            {
                "id":801,
                "parentId":0,
                "regionName":"呼伦贝尔",
                "cityCode":150700,
                "pinYin":"HULUNBEIER"
            },
            {
                "id":173,
                "parentId":0,
                "regionName":"湖州",
                "cityCode":330500,
                "pinYin":"HUZHOU"
            }
        ],
        "J":[
            {
                "id":523,
                "parentId":0,
                "regionName":"佳木斯",
                "cityCode":230800,
                "pinYin":"JIAMUSI"
            },
            {
                "id":747,
                "parentId":0,
                "regionName":"吉安",
                "cityCode":360800,
                "pinYin":"JIAN"
            },
            {
                "id":317,
                "parentId":0,
                "regionName":"江门",
                "cityCode":440700,
                "pinYin":"JIANGMEN"
            },
            {
                "id":4635,
                "parentId":151,
                "regionName":"江阴市",
                "cityCode":320281,
                "pinYin":"JIANGYIN",
                "selected":1
            },
            {
                "id":462,
                "parentId":0,
                "regionName":"焦作",
                "cityCode":410800,
                "pinYin":"JIAOZUO"
            },
            {
                "id":156,
                "parentId":0,
                "regionName":"嘉兴",
                "cityCode":330400,
                "pinYin":"JIAXING"
            },
            {
                "id":1136,
                "parentId":0,
                "regionName":"嘉峪关",
                "cityCode":620200,
                "pinYin":"JIAYUGUAN"
            },
            {
                "id":327,
                "parentId":0,
                "regionName":"揭阳",
                "cityCode":445200,
                "pinYin":"JIEYANG"
            },
            {
                "id":628,
                "parentId":0,
                "regionName":"吉林",
                "cityCode":220200,
                "pinYin":"JILIN"
            },
            {
                "id":837,
                "parentId":0,
                "regionName":"济南",
                "cityCode":370100,
                "pinYin":"JINAN"
            },
            {
                "id":3556,
                "parentId":0,
                "regionName":"金昌",
                "cityCode":620300,
                "pinYin":"JINCHANG"
            },
            {
                "id":892,
                "parentId":0,
                "regionName":"晋城",
                "cityCode":140500,
                "pinYin":"JINCHENG"
            },
            {
                "id":724,
                "parentId":0,
                "regionName":"景德镇",
                "cityCode":360200,
                "pinYin":"JINGDEZHEN"
            },
            {
                "id":536,
                "parentId":0,
                "regionName":"荆门",
                "cityCode":420800,
                "pinYin":"JINGMEN"
            },
            {
                "id":545,
                "parentId":0,
                "regionName":"荆州",
                "cityCode":421000,
                "pinYin":"JINGZHOU"
            },
            {
                "id":142,
                "parentId":0,
                "regionName":"金华",
                "cityCode":330700,
                "pinYin":"JINHUA"
            },
            {
                "id":842,
                "parentId":0,
                "regionName":"济宁",
                "cityCode":370800,
                "pinYin":"JINING"
            },
            {
                "id":894,
                "parentId":0,
                "regionName":"晋中",
                "cityCode":140700,
                "pinYin":"JINZHONG"
            },
            {
                "id":779,
                "parentId":0,
                "regionName":"锦州",
                "cityCode":210700,
                "pinYin":"JINZHOU"
            },
            {
                "id":726,
                "parentId":0,
                "regionName":"九江",
                "cityCode":360400,
                "pinYin":"JIUJIANG"
            },
            {
                "id":277,
                "parentId":0,
                "regionName":"酒泉",
                "cityCode":620900,
                "pinYin":"JIUQUAN"
            },
            {
                "id":521,
                "parentId":0,
                "regionName":"鸡西",
                "cityCode":230300,
                "pinYin":"JIXI"
            },
            {
                "id":1102,
                "parentId":0,
                "regionName":"济源",
                "cityCode":410881,
                "pinYin":"JIYUAN"
            }
        ],
        "K":[
            {
                "id":466,
                "parentId":0,
                "regionName":"开封",
                "cityCode":410200,
                "pinYin":"KAIFENG"
            },
            {
                "id":985,
                "parentId":0,
                "regionName":"喀什",
                "cityCode":653101,
                "pinYin":"KASHEN"
            },
            {
                "id":3667,
                "parentId":0,
                "regionName":"克拉玛依",
                "cityCode":650200,
                "pinYin":"KELAMAYI"
            },
            {
                "id":18,
                "parentId":0,
                "regionName":"昆明",
                "cityCode":530100,
                "pinYin":"KUNMING"
            }
        ],
        "L":[
            {
                "id":3639,
                "parentId":0,
                "regionName":"来宾",
                "cityCode":451300,
                "pinYin":"LAIBIN"
            },
            {
                "id":879,
                "parentId":0,
                "regionName":"莱芜",
                "cityCode":371200,
                "pinYin":"LAIWU"
            },
            {
                "id":419,
                "parentId":0,
                "regionName":"廊坊",
                "cityCode":131000,
                "pinYin":"LANGFANG"
            },
            {
                "id":279,
                "parentId":0,
                "regionName":"兰州",
                "cityCode":620100,
                "pinYin":"LANZHOU"
            },
            {
                "id":979,
                "parentId":0,
                "regionName":"拉萨",
                "cityCode":540100,
                "pinYin":"LASA"
            },
            {
                "id":940,
                "parentId":0,
                "regionName":"乐山",
                "cityCode":511100,
                "pinYin":"LESHAN"
            },
            {
                "id":3645,
                "parentId":0,
                "regionName":"凉山",
                "cityCode":513400,
                "pinYin":"LIANGSHAN"
            },
            {
                "id":677,
                "parentId":0,
                "regionName":"连云港",
                "cityCode":320700,
                "pinYin":"LIANYUNGANG"
            },
            {
                "id":847,
                "parentId":0,
                "regionName":"聊城",
                "cityCode":371500,
                "pinYin":"LIAOCHENG"
            },
            {
                "id":1178,
                "parentId":0,
                "regionName":"辽阳",
                "cityCode":211000,
                "pinYin":"LIAOYANG"
            },
            {
                "id":630,
                "parentId":0,
                "regionName":"辽源",
                "cityCode":220400,
                "pinYin":"LIAOYUAN"
            },
            {
                "id":992,
                "parentId":0,
                "regionName":"丽江",
                "cityCode":530700,
                "pinYin":"LIJIANG"
            },
            {
                "id":1008,
                "parentId":0,
                "regionName":"临沧",
                "cityCode":530900,
                "pinYin":"LINCANG"
            },
            {
                "id":890,
                "parentId":0,
                "regionName":"临汾",
                "cityCode":141000,
                "pinYin":"LINFEN"
            },
            {
                "id":5590,
                "parentId":0,
                "regionName":"临高",
                "cityCode":469024,
                "pinYin":"LINGAO"
            },
            {
                "id":3498,
                "parentId":0,
                "regionName":"临夏",
                "cityCode":622900,
                "pinYin":"LINXIA"
            },
            {
                "id":849,
                "parentId":0,
                "regionName":"临沂",
                "cityCode":371300,
                "pinYin":"LINYI"
            },
            {
                "id":1039,
                "parentId":0,
                "regionName":"丽水",
                "cityCode":331100,
                "pinYin":"LISHUI"
            },
            {
                "id":227,
                "parentId":0,
                "regionName":"六安",
                "cityCode":341500,
                "pinYin":"LIUAN"
            },
            {
                "id":406,
                "parentId":0,
                "regionName":"六盘水",
                "cityCode":520200,
                "pinYin":"LIUPANSHUI"
            },
            {
                "id":380,
                "parentId":0,
                "regionName":"柳州",
                "cityCode":450200,
                "pinYin":"LIUZHOU"
            },
            {
                "id":288,
                "parentId":0,
                "regionName":"陇南",
                "cityCode":621200,
                "pinYin":"LONGNAN"
            },
            {
                "id":263,
                "parentId":0,
                "regionName":"龙岩",
                "cityCode":350800,
                "pinYin":"LONGYAN"
            },
            {
                "id":595,
                "parentId":0,
                "regionName":"娄底",
                "cityCode":431300,
                "pinYin":"LOUDI"
            },
            {
                "id":1194,
                "parentId":0,
                "regionName":"吕梁",
                "cityCode":141100,
                "pinYin":"LULIANG"
            },
            {
                "id":495,
                "parentId":0,
                "regionName":"漯河",
                "cityCode":411100,
                "pinYin":"LUOHE"
            },
            {
                "id":486,
                "parentId":0,
                "regionName":"洛阳",
                "cityCode":410300,
                "pinYin":"LUOYANG"
            },
            {
                "id":959,
                "parentId":0,
                "regionName":"泸州",
                "cityCode":510500,
                "pinYin":"LUZHOU"
            }
        ],
        "M":[
            {
                "id":170,
                "parentId":0,
                "regionName":"马鞍山",
                "cityCode":340500,
                "pinYin":"MAANSHAN"
            },
            {
                "id":348,
                "parentId":0,
                "regionName":"茂名",
                "cityCode":440900,
                "pinYin":"MAOMING"
            },
            {
                "id":961,
                "parentId":0,
                "regionName":"眉山",
                "cityCode":511400,
                "pinYin":"MEISHAN"
            },
            {
                "id":350,
                "parentId":0,
                "regionName":"梅州",
                "cityCode":441400,
                "pinYin":"MEIZHOU"
            },
            {
                "id":944,
                "parentId":0,
                "regionName":"绵阳",
                "cityCode":510700,
                "pinYin":"MIANYANG"
            },
            {
                "id":528,
                "parentId":0,
                "regionName":"牡丹江",
                "cityCode":231000,
                "pinYin":"MUDANJIANG"
            }
        ],
        "N":[
            {
                "id":738,
                "parentId":0,
                "regionName":"南昌",
                "cityCode":360100,
                "pinYin":"NANCHANG"
            },
            {
                "id":968,
                "parentId":0,
                "regionName":"南充",
                "cityCode":511300,
                "pinYin":"NANCHONG"
            },
            {
                "id":63,
                "parentId":0,
                "regionName":"南京",
                "cityCode":320100,
                "pinYin":"NANJING"
            },
            {
                "id":372,
                "parentId":0,
                "regionName":"南宁",
                "cityCode":450100,
                "pinYin":"NANNING"
            },
            {
                "id":254,
                "parentId":0,
                "regionName":"南平",
                "cityCode":350700,
                "pinYin":"NANPING"
            },
            {
                "id":132,
                "parentId":0,
                "regionName":"南通",
                "cityCode":320600,
                "pinYin":"NANTONG"
            },
            {
                "id":499,
                "parentId":0,
                "regionName":"南阳",
                "cityCode":411300,
                "pinYin":"NANYANG"
            },
            {
                "id":970,
                "parentId":0,
                "regionName":"内江",
                "cityCode":511000,
                "pinYin":"NEIJIANG"
            },
            {
                "id":147,
                "parentId":0,
                "regionName":"宁波",
                "cityCode":330200,
                "pinYin":"NINGBO"
            },
            {
                "id":268,
                "parentId":0,
                "regionName":"宁德",
                "cityCode":350900,
                "pinYin":"NINGDE"
            },
            {
                "id":3651,
                "parentId":0,
                "regionName":"怒江",
                "cityCode":533300,
                "pinYin":"NUJIANG"
            }
        ],
        "P":[
            {
                "id":784,
                "parentId":0,
                "regionName":"盘锦",
                "cityCode":211100,
                "pinYin":"PANJIN"
            },
            {
                "id":951,
                "parentId":0,
                "regionName":"攀枝花",
                "cityCode":510400,
                "pinYin":"PANZHIHUA"
            },
            {
                "id":502,
                "parentId":0,
                "regionName":"平顶山",
                "cityCode":410400,
                "pinYin":"PINGDINGSHAN"
            },
            {
                "id":1137,
                "parentId":0,
                "regionName":"平凉",
                "cityCode":620800,
                "pinYin":"PINGLIANG"
            },
            {
                "id":711,
                "parentId":0,
                "regionName":"萍乡",
                "cityCode":360300,
                "pinYin":"PINGXIANG"
            },
            {
                "id":3198,
                "parentId":0,
                "regionName":"普洱",
                "cityCode":530800,
                "pinYin":"PUER"
            },
            {
                "id":271,
                "parentId":0,
                "regionName":"莆田",
                "cityCode":350300,
                "pinYin":"PUTIAN"
            },
            {
                "id":458,
                "parentId":0,
                "regionName":"濮阳",
                "cityCode":410900,
                "pinYin":"PUYANG"
            }
        ],
        "Q":[
            {
                "id":3647,
                "parentId":0,
                "regionName":"黔东南",
                "cityCode":522600,
                "pinYin":"QIANDONGNAN"
            },
            {
                "id":1158,
                "parentId":0,
                "regionName":"潜江",
                "cityCode":429005,
                "pinYin":"QIANJIANG"
            },
            {
                "id":3648,
                "parentId":0,
                "regionName":"黔南",
                "cityCode":522700,
                "pinYin":"QIANNAN"
            },
            {
                "id":3646,
                "parentId":0,
                "regionName":"黔西南",
                "cityCode":522300,
                "pinYin":"QIANXINAN"
            },
            {
                "id":51,
                "parentId":0,
                "regionName":"青岛",
                "cityCode":370200,
                "pinYin":"QINGDAO"
            },
            {
                "id":3318,
                "parentId":0,
                "regionName":"庆阳",
                "cityCode":621000,
                "pinYin":"QINGYANG"
            },
            {
                "id":102,
                "parentId":0,
                "regionName":"清远",
                "cityCode":441800,
                "pinYin":"QINGYUAN"
            },
            {
                "id":446,
                "parentId":0,
                "regionName":"秦皇岛",
                "cityCode":130300,
                "pinYin":"QINHUANGDAO"
            },
            {
                "id":1145,
                "parentId":0,
                "regionName":"钦州",
                "cityCode":450700,
                "pinYin":"QINZHOU"
            },
            {
                "id":1124,
                "parentId":0,
                "regionName":"琼海",
                "cityCode":469002,
                "pinYin":"QIONGHAI"
            },
            {
                "id":5851,
                "parentId":0,
                "regionName":"琼中",
                "cityCode":469030,
                "pinYin":"QIONGZHONG"
            },
            {
                "id":530,
                "parentId":0,
                "regionName":"齐齐哈尔",
                "cityCode":230200,
                "pinYin":"QIQIHAER"
            },
            {
                "id":245,
                "parentId":0,
                "regionName":"泉州",
                "cityCode":350500,
                "pinYin":"QUANZHOU"
            },
            {
                "id":1016,
                "parentId":0,
                "regionName":"曲靖",
                "cityCode":530300,
                "pinYin":"QUJING"
            },
            {
                "id":145,
                "parentId":0,
                "regionName":"衢州",
                "cityCode":330800,
                "pinYin":"QUZHOU"
            }
        ],
        "R":[
            {
                "id":877,
                "parentId":0,
                "regionName":"日照",
                "cityCode":371100,
                "pinYin":"RIZHAO"
            }
        ],
        "S":[
            {
                "id":449,
                "parentId":0,
                "regionName":"三门峡",
                "cityCode":411200,
                "pinYin":"SANMENXIA"
            },
            {
                "id":239,
                "parentId":0,
                "regionName":"三明",
                "cityCode":350400,
                "pinYin":"SANMING"
            },
            {
                "id":410,
                "parentId":0,
                "regionName":"三亚",
                "cityCode":460200,
                "pinYin":"SANYA"
            },
            {
                "id":1,
                "parentId":0,
                "regionName":"上海",
                "cityCode":310100,
                "pinYin":"SHANGHAI"
            },
            {
                "id":897,
                "parentId":0,
                "regionName":"商洛",
                "cityCode":611000,
                "pinYin":"SHANGLUO"
            },
            {
                "id":452,
                "parentId":0,
                "regionName":"商丘",
                "cityCode":411400,
                "pinYin":"SHANGQIU"
            },
            {
                "id":713,
                "parentId":0,
                "regionName":"上饶",
                "cityCode":361100,
                "pinYin":"SHANGRAO"
            },
            {
                "id":290,
                "parentId":0,
                "regionName":"汕头",
                "cityCode":440500,
                "pinYin":"SHANTOU"
            },
            {
                "id":294,
                "parentId":0,
                "regionName":"汕尾",
                "cityCode":441500,
                "pinYin":"SHANWEI"
            },
            {
                "id":296,
                "parentId":0,
                "regionName":"韶关",
                "cityCode":440200,
                "pinYin":"SHAOGUAN"
            },
            {
                "id":66,
                "parentId":0,
                "regionName":"绍兴",
                "cityCode":330600,
                "pinYin":"SHAOXING"
            },
            {
                "id":571,
                "parentId":0,
                "regionName":"邵阳",
                "cityCode":430500,
                "pinYin":"SHAOYANG"
            },
            {
                "id":75,
                "parentId":0,
                "regionName":"沈阳",
                "cityCode":210100,
                "pinYin":"SHENYANG"
            },
            {
                "id":28,
                "parentId":0,
                "regionName":"深圳",
                "cityCode":440300,
                "pinYin":"SHENZHEN"
            },
            {
                "id":1200,
                "parentId":0,
                "regionName":"石河子",
                "cityCode":659001,
                "pinYin":"SHIHEZI"
            },
            {
                "id":59,
                "parentId":0,
                "regionName":"石家庄",
                "cityCode":130100,
                "pinYin":"SHIJIAZHUANG"
            },
            {
                "id":68,
                "parentId":0,
                "regionName":"十堰",
                "cityCode":420300,
                "pinYin":"SHIYAN"
            },
            {
                "id":807,
                "parentId":0,
                "regionName":"石嘴山",
                "cityCode":640200,
                "pinYin":"SHIZUISHAN"
            },
            {
                "id":3635,
                "parentId":0,
                "regionName":"双鸭山",
                "cityCode":230500,
                "pinYin":"SHUANGYASHAN"
            },
            {
                "id":3629,
                "parentId":0,
                "regionName":"朔州",
                "cityCode":140600,
                "pinYin":"SHUOZHOU"
            },
            {
                "id":621,
                "parentId":0,
                "regionName":"四平",
                "cityCode":220300,
                "pinYin":"SIPING"
            },
            {
                "id":1174,
                "parentId":0,
                "regionName":"松原",
                "cityCode":220700,
                "pinYin":"SONGYUAN"
            },
            {
                "id":511,
                "parentId":0,
                "regionName":"绥化",
                "cityCode":231200,
                "pinYin":"SUIHUA"
            },
            {
                "id":922,
                "parentId":0,
                "regionName":"遂宁",
                "cityCode":510900,
                "pinYin":"SUINING"
            },
            {
                "id":534,
                "parentId":0,
                "regionName":"随州",
                "cityCode":421300,
                "pinYin":"SUIZHOU"
            },
            {
                "id":644,
                "parentId":0,
                "regionName":"宿迁",
                "cityCode":321300,
                "pinYin":"SUQIAN"
            },
            {
                "id":193,
                "parentId":0,
                "regionName":"宿州",
                "cityCode":341300,
                "pinYin":"SUZHOU"
            },
            {
                "id":107,
                "parentId":0,
                "regionName":"苏州",
                "cityCode":320500,
                "pinYin":"SUZHOU"
            }
        ],
        "T":[
            {
                "id":3674,
                "parentId":0,
                "regionName":"塔城",
                "cityCode":654200,
                "pinYin":"TACHENG"
            },
            {
                "id":817,
                "parentId":0,
                "regionName":"泰安",
                "cityCode":370900,
                "pinYin":"TAIAN"
            },
            {
                "id":81,
                "parentId":0,
                "regionName":"太原",
                "cityCode":140100,
                "pinYin":"TAIYUAN"
            },
            {
                "id":181,
                "parentId":0,
                "regionName":"台州",
                "cityCode":331000,
                "pinYin":"TAIZHOU"
            },
            {
                "id":640,
                "parentId":0,
                "regionName":"泰州",
                "cityCode":321200,
                "pinYin":"TAIZHOU"
            },
            {
                "id":83,
                "parentId":0,
                "regionName":"唐山",
                "cityCode":130200,
                "pinYin":"TANGSHAN"
            },
            {
                "id":22,
                "parentId":0,
                "regionName":"天津",
                "cityCode":120100,
                "pinYin":"TIANJIN"
            },
            {
                "id":1159,
                "parentId":0,
                "regionName":"天门",
                "cityCode":429006,
                "pinYin":"TIANMEN"
            },
            {
                "id":1119,
                "parentId":0,
                "regionName":"天水",
                "cityCode":620500,
                "pinYin":"TIANSHUI"
            },
            {
                "id":1179,
                "parentId":0,
                "regionName":"铁岭",
                "cityCode":211200,
                "pinYin":"TIELING"
            },
            {
                "id":1187,
                "parentId":0,
                "regionName":"铜川",
                "cityCode":610200,
                "pinYin":"TONGCHUAN"
            },
            {
                "id":619,
                "parentId":0,
                "regionName":"通化",
                "cityCode":220500,
                "pinYin":"TONGHUA"
            },
            {
                "id":787,
                "parentId":0,
                "regionName":"通辽",
                "cityCode":150500,
                "pinYin":"TONGLIAO"
            },
            {
                "id":191,
                "parentId":0,
                "regionName":"铜陵",
                "cityCode":340700,
                "pinYin":"TONGLING"
            },
            {
                "id":386,
                "parentId":0,
                "regionName":"铜仁",
                "cityCode":522201,
                "pinYin":"TONGREN"
            },
            {
                "id":3668,
                "parentId":0,
                "regionName":"吐鲁番",
                "cityCode":652100,
                "pinYin":"TULUFAN"
            }
        ],
        "W":[
            {
                "id":5534,
                "parentId":0,
                "regionName":"万宁",
                "cityCode":469006,
                "pinYin":"WANNING"
            },
            {
                "id":821,
                "parentId":0,
                "regionName":"潍坊",
                "cityCode":370700,
                "pinYin":"WEIFANG"
            },
            {
                "id":853,
                "parentId":0,
                "regionName":"威海",
                "cityCode":371000,
                "pinYin":"WEIHAI"
            },
            {
                "id":905,
                "parentId":0,
                "regionName":"渭南",
                "cityCode":610500,
                "pinYin":"WEINAN"
            },
            {
                "id":5773,
                "parentId":0,
                "regionName":"文昌",
                "cityCode":469005,
                "pinYin":"WENCHANG"
            },
            {
                "id":3269,
                "parentId":0,
                "regionName":"文山",
                "cityCode":532621,
                "pinYin":"WENSHAN"
            },
            {
                "id":1047,
                "parentId":0,
                "regionName":"温州",
                "cityCode":330300,
                "pinYin":"WENZHOU"
            },
            {
                "id":803,
                "parentId":0,
                "regionName":"乌海",
                "cityCode":150300,
                "pinYin":"WUHAI"
            },
            {
                "id":10,
                "parentId":0,
                "regionName":"武汉",
                "cityCode":420100,
                "pinYin":"WUHAN"
            },
            {
                "id":219,
                "parentId":0,
                "regionName":"芜湖",
                "cityCode":340200,
                "pinYin":"WUHU"
            },
            {
                "id":5754,
                "parentId":0,
                "regionName":"五家渠",
                "cityCode":659004,
                "pinYin":"WUJIAQU"
            },
            {
                "id":3630,
                "parentId":0,
                "regionName":"乌兰察布",
                "cityCode":150900,
                "pinYin":"WULANCHABU"
            },
            {
                "id":987,
                "parentId":0,
                "regionName":"乌鲁木齐",
                "cityCode":650100,
                "pinYin":"WULUMUQI"
            },
            {
                "id":284,
                "parentId":0,
                "regionName":"武威",
                "cityCode":620600,
                "pinYin":"WUWEI"
            },
            {
                "id":151,
                "parentId":0,
                "regionName":"无锡",
                "cityCode":320200,
                "pinYin":"WUXI"
            },
            {
                "id":3666,
                "parentId":0,
                "regionName":"吴忠",
                "cityCode":640300,
                "pinYin":"WUZHONG"
            },
            {
                "id":374,
                "parentId":0,
                "regionName":"梧州",
                "cityCode":450400,
                "pinYin":"WUZHOU"
            }
        ],
        "X":[
            {
                "id":89,
                "parentId":0,
                "regionName":"厦门",
                "cityCode":350200,
                "pinYin":"XIAMEN"
            },
            {
                "id":46,
                "parentId":0,
                "regionName":"西安",
                "cityCode":610100,
                "pinYin":"XIAN"
            },
            {
                "id":599,
                "parentId":0,
                "regionName":"湘潭",
                "cityCode":430300,
                "pinYin":"XIANGTAN"
            },
            {
                "id":602,
                "parentId":0,
                "regionName":"湘西",
                "cityCode":433100,
                "pinYin":"XIANGXI"
            },
            {
                "id":731,
                "parentId":0,
                "regionName":"襄阳",
                "cityCode":420600,
                "pinYin":"XIANGYANG"
            },
            {
                "id":538,
                "parentId":0,
                "regionName":"咸宁",
                "cityCode":421200,
                "pinYin":"XIANNING"
            },
            {
                "id":569,
                "parentId":0,
                "regionName":"仙桃",
                "cityCode":429004,
                "pinYin":"XIANTAO"
            },
            {
                "id":918,
                "parentId":0,
                "regionName":"咸阳",
                "cityCode":610400,
                "pinYin":"XIANYANG"
            },
            {
                "id":1160,
                "parentId":0,
                "regionName":"孝感",
                "cityCode":420900,
                "pinYin":"XIAOGAN"
            },
            {
                "id":3303,
                "parentId":0,
                "regionName":"锡林郭勒",
                "cityCode":152500,
                "pinYin":"XILINGUOLE"
            },
            {
                "id":3631,
                "parentId":0,
                "regionName":"兴安盟",
                "cityCode":152200,
                "pinYin":"XINGAN"
            },
            {
                "id":441,
                "parentId":0,
                "regionName":"邢台",
                "cityCode":130500,
                "pinYin":"XINGTAI"
            },
            {
                "id":3679,
                "parentId":3646,
                "regionName":"兴义市",
                "cityCode":522301,
                "pinYin":"XINGYI",
                "selected":1
            },
            {
                "id":814,
                "parentId":0,
                "regionName":"西宁",
                "cityCode":630100,
                "pinYin":"XINING"
            },
            {
                "id":472,
                "parentId":0,
                "regionName":"新乡",
                "cityCode":410700,
                "pinYin":"XINXIANG"
            },
            {
                "id":470,
                "parentId":0,
                "regionName":"信阳",
                "cityCode":411500,
                "pinYin":"XINYANG"
            },
            {
                "id":733,
                "parentId":0,
                "regionName":"新余",
                "cityCode":360500,
                "pinYin":"XINYU"
            },
            {
                "id":3432,
                "parentId":0,
                "regionName":"忻州",
                "cityCode":140900,
                "pinYin":"XINZHOU"
            },
            {
                "id":1010,
                "parentId":0,
                "regionName":"西双版纳",
                "cityCode":532800,
                "pinYin":"XISHUANGBANNA"
            },
            {
                "id":224,
                "parentId":0,
                "regionName":"宣城",
                "cityCode":341800,
                "pinYin":"XUANCHENG"
            },
            {
                "id":477,
                "parentId":0,
                "regionName":"许昌",
                "cityCode":411000,
                "pinYin":"XUCHANG"
            },
            {
                "id":95,
                "parentId":0,
                "regionName":"徐州",
                "cityCode":320300,
                "pinYin":"XUZHOU"
            }
        ],
        "Y":[
            {
                "id":3438,
                "parentId":0,
                "regionName":"雅安",
                "cityCode":511800,
                "pinYin":"YAAN"
            },
            {
                "id":912,
                "parentId":0,
                "regionName":"延安",
                "cityCode":610600,
                "pinYin":"YANAN"
            },
            {
                "id":3634,
                "parentId":0,
                "regionName":"延边",
                "cityCode":222400,
                "pinYin":"YANBIAN"
            },
            {
                "id":642,
                "parentId":0,
                "regionName":"盐城",
                "cityCode":320900,
                "pinYin":"YANCHENG"
            },
            {
                "id":329,
                "parentId":0,
                "regionName":"阳江",
                "cityCode":441700,
                "pinYin":"YANGJIANG"
            },
            {
                "id":1195,
                "parentId":0,
                "regionName":"阳泉",
                "cityCode":140300,
                "pinYin":"YANGQUAN"
            },
            {
                "id":660,
                "parentId":0,
                "regionName":"扬州",
                "cityCode":321000,
                "pinYin":"YANGZHOU"
            },
            {
                "id":105,
                "parentId":0,
                "regionName":"烟台",
                "cityCode":370600,
                "pinYin":"YANTAI"
            },
            {
                "id":949,
                "parentId":0,
                "regionName":"宜宾",
                "cityCode":511500,
                "pinYin":"YIBIN"
            },
            {
                "id":565,
                "parentId":0,
                "regionName":"宜昌",
                "cityCode":420500,
                "pinYin":"YICHANG"
            },
            {
                "id":3463,
                "parentId":0,
                "regionName":"伊春",
                "cityCode":230700,
                "pinYin":"YICHUN"
            },
            {
                "id":716,
                "parentId":0,
                "regionName":"宜春",
                "cityCode":360900,
                "pinYin":"YICHUN"
            },
            {
                "id":1104,
                "parentId":0,
                "regionName":"伊犁",
                "cityCode":654000,
                "pinYin":"YILI"
            },
            {
                "id":810,
                "parentId":0,
                "regionName":"银川",
                "cityCode":640100,
                "pinYin":"YINCHUAN"
            },
            {
                "id":774,
                "parentId":0,
                "regionName":"营口",
                "cityCode":210800,
                "pinYin":"YINGKOU"
            },
            {
                "id":1170,
                "parentId":0,
                "regionName":"鹰潭",
                "cityCode":360600,
                "pinYin":"YINGTAN"
            },
            {
                "id":4636,
                "parentId":151,
                "regionName":"宜兴",
                "cityCode":320282,
                "pinYin":"YIXINGSHI",
                "selected":1
            },
            {
                "id":605,
                "parentId":0,
                "regionName":"益阳",
                "cityCode":430900,
                "pinYin":"YIYANG"
            },
            {
                "id":1164,
                "parentId":0,
                "regionName":"永州",
                "cityCode":431100,
                "pinYin":"YONGZHOU"
            },
            {
                "id":607,
                "parentId":0,
                "regionName":"岳阳",
                "cityCode":430600,
                "pinYin":"YUEYANG"
            },
            {
                "id":378,
                "parentId":0,
                "regionName":"玉林",
                "cityCode":450900,
                "pinYin":"YULIN"
            },
            {
                "id":914,
                "parentId":0,
                "regionName":"榆林",
                "cityCode":610800,
                "pinYin":"YULIN"
            },
            {
                "id":888,
                "parentId":0,
                "regionName":"运城",
                "cityCode":140800,
                "pinYin":"YUNCHENG"
            },
            {
                "id":332,
                "parentId":0,
                "regionName":"云浮",
                "cityCode":445300,
                "pinYin":"YUNFU"
            },
            {
                "id":1012,
                "parentId":0,
                "regionName":"玉溪",
                "cityCode":530400,
                "pinYin":"YUXI"
            }
        ],
        "Z":[
            {
                "id":857,
                "parentId":0,
                "regionName":"枣庄",
                "cityCode":370400,
                "pinYin":"ZAOZHUANG"
            },
            {
                "id":1236,
                "parentId":0,
                "regionName":"张家界",
                "cityCode":430800,
                "pinYin":"ZHANGGUJIE"
            },
            {
                "id":443,
                "parentId":0,
                "regionName":"张家口",
                "cityCode":130700,
                "pinYin":"ZHANGJIAKOU"
            },
            {
                "id":286,
                "parentId":0,
                "regionName":"张掖",
                "cityCode":620700,
                "pinYin":"ZHANGYE"
            },
            {
                "id":243,
                "parentId":0,
                "regionName":"漳州",
                "cityCode":350600,
                "pinYin":"ZHANGZHOU"
            },
            {
                "id":334,
                "parentId":0,
                "regionName":"湛江",
                "cityCode":440800,
                "pinYin":"ZHANJIANG"
            },
            {
                "id":337,
                "parentId":0,
                "regionName":"肇庆",
                "cityCode":441200,
                "pinYin":"ZHAOQING"
            },
            {
                "id":3649,
                "parentId":0,
                "regionName":"昭通",
                "cityCode":530600,
                "pinYin":"ZHAOTONG"
            },
            {
                "id":43,
                "parentId":0,
                "regionName":"郑州",
                "cityCode":410100,
                "pinYin":"ZHENGZHOU"
            },
            {
                "id":657,
                "parentId":0,
                "regionName":"镇江",
                "cityCode":321100,
                "pinYin":"ZHENJIANG"
            },
            {
                "id":339,
                "parentId":0,
                "regionName":"中山",
                "cityCode":442000,
                "pinYin":"ZHONGSHAN"
            },
            {
                "id":1184,
                "parentId":0,
                "regionName":"中卫",
                "cityCode":640500,
                "pinYin":"ZHONGWEI"
            },
            {
                "id":93,
                "parentId":0,
                "regionName":"周口",
                "cityCode":411600,
                "pinYin":"ZHOUKOU"
            },
            {
                "id":1055,
                "parentId":0,
                "regionName":"舟山",
                "cityCode":330900,
                "pinYin":"ZHOUSHAN"
            },
            {
                "id":346,
                "parentId":0,
                "regionName":"珠海",
                "cityCode":440400,
                "pinYin":"ZHUHAI"
            },
            {
                "id":484,
                "parentId":0,
                "regionName":"驻马店",
                "cityCode":411700,
                "pinYin":"ZHUMADIAN"
            },
            {
                "id":597,
                "parentId":0,
                "regionName":"株洲",
                "cityCode":430200,
                "pinYin":"ZHUZHOU"
            },
            {
                "id":860,
                "parentId":0,
                "regionName":"淄博",
                "cityCode":370300,
                "pinYin":"ZIBO"
            },
            {
                "id":955,
                "parentId":0,
                "regionName":"自贡",
                "cityCode":510300,
                "pinYin":"ZIGONG"
            },
            {
                "id":957,
                "parentId":0,
                "regionName":"资阳",
                "cityCode":512000,
                "pinYin":"ZIYANG"
            },
            {
                "id":403,
                "parentId":0,
                "regionName":"遵义",
                "cityCode":520300,
                "pinYin":"ZUNYI"
            }
        ]
    }
}